-- phpMyAdmin SQL Dump
-- version 5.2.1
-- https://www.phpmyadmin.net/
--
-- Host: 127.0.0.1
-- Generation Time: Jul 23, 2024 at 04:27 PM
-- Server version: 10.4.32-MariaDB
-- PHP Version: 8.2.12

SET SQL_MODE = "NO_AUTO_VALUE_ON_ZERO";
START TRANSACTION;
SET time_zone = "+00:00";


/*!40101 SET @OLD_CHARACTER_SET_CLIENT=@@CHARACTER_SET_CLIENT */;
/*!40101 SET @OLD_CHARACTER_SET_RESULTS=@@CHARACTER_SET_RESULTS */;
/*!40101 SET @OLD_COLLATION_CONNECTION=@@COLLATION_CONNECTION */;
/*!40101 SET NAMES utf8mb4 */;

--
-- Database: `im2database`
--
CREATE DATABASE IF NOT EXISTS `im2database` DEFAULT CHARACTER SET utf8mb4 COLLATE utf8mb4_general_ci;
USE `im2database`;

-- --------------------------------------------------------

--
-- Table structure for table `appliances`
--

CREATE TABLE `appliances` (
  `TenantAppID` int(11) NOT NULL,
  `Quantity` int(11) NOT NULL,
  `OccupancyID` int(11) NOT NULL
) ENGINE=InnoDB DEFAULT CHARSET=utf8mb4 COLLATE=utf8mb4_general_ci;

--
-- Dumping data for table `appliances`
--

INSERT INTO `appliances` (`TenantAppID`, `Quantity`, `OccupancyID`) VALUES
(11, 5, 223),
(17, 5, 249),
(18, 5, 251),
(19, 5, 248),
(20, 5, 252),
(21, 3, 253),
(22, 3, 254),
(23, 3, 255),
(24, 3, 256),
(25, 3, 257),
(26, 3, 258),
(27, 3, 259),
(28, 0, 260),
(29, 0, 261),
(30, 0, 262),
(31, 0, 263),
(32, 0, 264),
(33, 0, 265),
(34, 0, 266),
(35, 0, 267),
(36, 5, 268);

-- --------------------------------------------------------

--
-- Table structure for table `apprate`
--

CREATE TABLE `apprate` (
  `id` int(11) NOT NULL,
  `rate` int(11) NOT NULL
) ENGINE=InnoDB DEFAULT CHARSET=utf8mb4 COLLATE=utf8mb4_general_ci;

--
-- Dumping data for table `apprate`
--

INSERT INTO `apprate` (`id`, `rate`) VALUES
(1, 250);

-- --------------------------------------------------------

--
-- Table structure for table `billing`
--

CREATE TABLE `billing` (
  `BillRefNo` int(11) NOT NULL,
  `OccupancyID` int(11) NOT NULL,
  `OccRate` int(11) NOT NULL,
  `TenantAppID` int(11) NOT NULL,
  `Quantity` int(11) NOT NULL,
  `AddQuantity` int(11) NOT NULL,
  `appRate` int(11) NOT NULL,
  `BillingMonth` date NOT NULL,
  `BillDateIssued` date NOT NULL,
  `BillDueDate` date NOT NULL,
  `DueAmount` int(11) NOT NULL,
  `BillStatus` enum('Paid','Unpaid') NOT NULL,
  `BillType` enum('Rent','Appliances') NOT NULL
) ENGINE=InnoDB DEFAULT CHARSET=utf8mb4 COLLATE=utf8mb4_general_ci;

--
-- Dumping data for table `billing`
--

INSERT INTO `billing` (`BillRefNo`, `OccupancyID`, `OccRate`, `TenantAppID`, `Quantity`, `AddQuantity`, `appRate`, `BillingMonth`, `BillDateIssued`, `BillDueDate`, `DueAmount`, `BillStatus`, `BillType`) VALUES
(3, 257, 600, 0, 0, 0, 0, '2024-08-20', '2024-07-20', '2024-08-20', 600, 'Paid', 'Rent'),
(4, 257, 0, 25, 3, 0, 250, '2024-08-20', '2024-07-20', '2024-08-20', 750, 'Paid', 'Appliances'),
(5, 258, 2400, 0, 0, 0, 0, '2024-08-20', '2024-07-20', '2024-08-20', 2400, 'Paid', 'Rent'),
(6, 258, 0, 26, 3, 0, 250, '2024-08-20', '2024-07-20', '2024-08-20', 750, 'Paid', 'Appliances'),
(7, 257, 600, 0, 0, 0, 0, '2024-09-20', '2024-07-20', '2024-09-20', 600, 'Unpaid', 'Rent'),
(8, 257, 600, 0, 0, 0, 0, '2024-10-20', '2024-07-20', '2024-10-20', 600, 'Unpaid', 'Rent'),
(9, 257, 600, 0, 0, 0, 0, '2024-11-20', '2024-07-20', '2024-11-20', 600, 'Unpaid', 'Rent'),
(10, 257, 0, 25, 3, 0, 250, '2024-08-20', '2024-07-20', '2024-08-20', 750, 'Unpaid', 'Appliances'),
(11, 257, 600, 0, 0, 0, 0, '2024-09-20', '2024-07-20', '2024-09-20', 600, 'Unpaid', 'Rent'),
(12, 257, 0, 25, 3, 0, 250, '2024-08-20', '2024-07-20', '2024-08-20', 750, 'Unpaid', 'Appliances'),
(13, 257, 600, 0, 0, 0, 0, '2024-09-20', '2024-07-20', '2024-09-20', 600, 'Unpaid', 'Rent'),
(14, 257, 0, 25, 3, 0, 250, '2024-08-20', '2024-07-20', '2024-08-20', 750, 'Unpaid', 'Appliances'),
(15, 259, 3600, 0, 0, 0, 0, '2024-08-20', '2024-07-20', '2024-08-20', 3600, 'Paid', 'Rent'),
(16, 259, 0, 27, 3, 0, 250, '2024-08-20', '2024-07-20', '2024-08-20', 750, 'Paid', 'Appliances'),
(17, 258, 2400, 0, 0, 0, 0, '2024-09-20', '2024-07-20', '2024-09-20', 2400, 'Paid', 'Rent'),
(18, 260, 600, 0, 0, 0, 0, '2024-08-23', '2024-07-23', '2024-08-23', 600, 'Paid', 'Rent'),
(19, 260, 0, 28, 0, 0, 250, '2024-08-23', '2024-07-23', '2024-08-23', 0, 'Paid', 'Appliances'),
(20, 261, 600, 0, 0, 0, 0, '2024-08-23', '2024-07-23', '2024-08-23', 600, 'Paid', 'Rent'),
(21, 261, 0, 29, 0, 0, 250, '2024-08-23', '2024-07-23', '2024-08-23', 0, 'Paid', 'Appliances'),
(22, 262, 600, 0, 0, 0, 0, '2024-08-23', '2024-07-23', '2024-08-23', 600, 'Paid', 'Rent'),
(23, 262, 0, 30, 0, 0, 250, '2024-08-23', '2024-07-23', '2024-08-23', 0, 'Paid', 'Appliances'),
(24, 263, 600, 0, 0, 0, 0, '2024-08-23', '2024-07-23', '2024-08-23', 600, 'Paid', 'Rent'),
(25, 263, 0, 31, 0, 0, 250, '2024-08-23', '2024-07-23', '2024-08-23', 0, 'Paid', 'Appliances'),
(26, 264, 600, 0, 0, 0, 0, '2024-08-23', '2024-07-23', '2024-08-23', 600, 'Paid', 'Rent'),
(27, 264, 0, 32, 0, 0, 250, '2024-08-23', '2024-07-23', '2024-08-23', 0, 'Paid', 'Appliances'),
(28, 265, 600, 0, 0, 0, 0, '2024-08-23', '2024-07-23', '2024-08-23', 600, 'Paid', 'Rent'),
(29, 265, 0, 33, 0, 0, 250, '2024-08-23', '2024-07-23', '2024-08-23', 0, 'Paid', 'Appliances'),
(30, 266, 600, 0, 0, 0, 0, '2024-08-23', '2024-07-23', '2024-08-23', 600, 'Paid', 'Rent'),
(31, 266, 0, 34, 0, 0, 250, '2024-08-23', '2024-07-23', '2024-08-23', 0, 'Paid', 'Appliances'),
(32, 267, 600, 0, 0, 0, 0, '2024-08-23', '2024-07-23', '2024-08-23', 600, 'Paid', 'Rent'),
(33, 267, 0, 35, 0, 0, 250, '2024-08-23', '2024-07-23', '2024-08-23', 0, 'Paid', 'Appliances'),
(34, 268, 3600, 0, 0, 0, 0, '2024-08-23', '2024-07-23', '2024-08-23', 3600, 'Paid', 'Rent'),
(35, 268, 0, 36, 5, 0, 250, '2024-08-23', '2024-07-23', '2024-08-23', 1250, 'Paid', 'Appliances');

-- --------------------------------------------------------

--
-- Table structure for table `occtype`
--

CREATE TABLE `occtype` (
  `Occtype` varchar(25) NOT NULL,
  `OccRate` int(11) NOT NULL
) ENGINE=InnoDB DEFAULT CHARSET=utf8mb4 COLLATE=utf8mb4_general_ci;

--
-- Dumping data for table `occtype`
--

INSERT INTO `occtype` (`Occtype`, `OccRate`) VALUES
('Bedspacer', 600),
('Room(4 beds)', 2400),
('Room(6 beds)', 3600),
('Sharer', 0);

-- --------------------------------------------------------

--
-- Table structure for table `occupancy`
--

CREATE TABLE `occupancy` (
  `OccupancyID` int(11) NOT NULL,
  `OccDateStart` date NOT NULL,
  `OccDateEnd` date NOT NULL,
  `OccStatus` enum('Active','Inactive','Reserved','Evicted') NOT NULL DEFAULT 'Active',
  `DateOut` date DEFAULT NULL,
  `DateCreated` timestamp NOT NULL DEFAULT current_timestamp(),
  `LastModified` timestamp NOT NULL DEFAULT current_timestamp() ON UPDATE current_timestamp(),
  `RoomID` varchar(50) NOT NULL,
  `Occtype` varchar(25) NOT NULL,
  `TenantID` int(11) NOT NULL
) ENGINE=InnoDB DEFAULT CHARSET=utf8mb4 COLLATE=utf8mb4_general_ci;

--
-- Dumping data for table `occupancy`
--

INSERT INTO `occupancy` (`OccupancyID`, `OccDateStart`, `OccDateEnd`, `OccStatus`, `DateOut`, `DateCreated`, `LastModified`, `RoomID`, `Occtype`, `TenantID`) VALUES
(41, '2024-07-08', '2024-07-08', 'Inactive', NULL, '2024-07-08 03:29:16', '2024-07-08 03:29:27', 'B1F1R100', 'Bedspacer', 24),
(42, '2024-07-08', '2024-07-08', 'Inactive', NULL, '2024-07-08 03:29:27', '2024-07-08 03:29:38', 'B1F1R100', 'Bedspacer', 24),
(43, '2024-07-08', '2024-07-08', 'Inactive', NULL, '2024-07-08 03:29:38', '2024-07-08 03:31:12', 'B1F1R100', 'Bedspacer', 24),
(44, '2024-07-08', '2024-07-08', 'Evicted', NULL, '2024-07-08 03:31:12', '2024-07-08 03:32:56', 'B1F1R100', 'Bedspacer', 24),
(45, '2024-07-08', '2024-07-08', 'Evicted', NULL, '2024-07-08 03:33:01', '2024-07-08 03:33:17', 'B1F1R100', 'Bedspacer', 24),
(46, '2024-07-08', '2024-07-08', 'Inactive', NULL, '2024-07-08 03:33:36', '2024-07-08 03:33:49', 'B1F1R100', 'Bedspacer', 24),
(47, '2024-07-08', '2024-07-08', 'Inactive', NULL, '2024-07-08 03:33:49', '2024-07-08 03:34:24', 'B1F1R100', 'Bedspacer', 24),
(48, '2024-07-08', '2024-07-08', 'Evicted', NULL, '2024-07-08 03:34:24', '2024-07-08 03:34:44', 'B1F1R101', 'Bedspacer', 24),
(49, '2024-07-08', '2024-07-08', 'Inactive', NULL, '2024-07-08 03:35:15', '2024-07-08 03:43:45', 'B1F1R100', 'Bedspacer', 24),
(51, '2024-07-08', '2024-07-08', 'Evicted', NULL, '2024-07-08 03:43:45', '2024-07-08 03:49:37', 'B1F1R100', 'Bedspacer', 24),
(53, '2024-07-08', '2024-07-08', 'Evicted', NULL, '2024-07-08 03:45:25', '2024-07-08 03:49:46', 'B1F1R100', 'Bedspacer', 17),
(54, '2024-07-08', '2024-07-08', 'Inactive', NULL, '2024-07-08 03:50:18', '2024-07-08 04:18:49', 'B1F1R100', 'Bedspacer', 24),
(55, '2024-07-08', '2024-07-08', 'Inactive', NULL, '2024-07-08 04:22:55', '2024-07-09 04:58:38', 'B1F1R100', 'Bedspacer', 15),
(56, '2024-07-09', '2024-07-09', 'Inactive', NULL, '2024-07-10 01:05:12', '2024-07-10 01:45:00', 'B1F1R100', 'Bedspacer', 24),
(58, '2024-07-10', '2024-07-10', 'Inactive', NULL, '2024-07-10 01:52:21', '2024-07-10 01:52:34', 'B1F1R100', 'Bedspacer', 24),
(59, '2024-07-10', '2024-07-10', 'Inactive', NULL, '2024-07-10 01:53:02', '2024-07-10 01:53:48', 'B1F1R100', 'Bedspacer', 24),
(60, '2024-07-10', '2024-07-10', 'Inactive', NULL, '2024-07-10 01:55:13', '2024-07-10 01:57:09', 'B1F1R100', 'Bedspacer', 24),
(61, '2024-07-10', '2024-07-10', 'Inactive', NULL, '2024-07-10 01:57:09', '2024-07-10 02:44:20', 'B1F1R100', 'Bedspacer', 24),
(62, '2024-07-10', '2024-07-10', 'Inactive', NULL, '2024-07-10 02:46:20', '2024-07-10 02:46:43', 'B1F1R101', 'Bedspacer', 24),
(63, '2024-07-10', '2024-07-10', 'Inactive', NULL, '2024-07-10 02:46:51', '2024-07-10 02:47:00', 'B1F1R100', 'Bedspacer', 24),
(64, '2024-07-10', '2024-07-10', 'Inactive', NULL, '2024-07-10 02:55:59', '2024-07-10 02:56:09', 'B1F1R100', 'Bedspacer', 24),
(65, '2024-07-10', '2024-07-10', 'Inactive', NULL, '2024-07-10 02:56:09', '2024-07-10 02:56:22', 'B1F1R100', 'Bedspacer', 24),
(66, '2024-07-10', '2024-07-10', 'Evicted', NULL, '2024-07-10 02:56:22', '2024-07-10 02:56:27', 'B1F1R101', 'Bedspacer', 24),
(67, '2024-07-10', '2024-07-10', 'Evicted', NULL, '2024-07-10 02:56:51', '2024-07-10 02:57:18', 'B1F1R100', 'Bedspacer', 24),
(68, '2024-07-10', '2024-07-10', 'Inactive', NULL, '2024-07-10 02:57:37', '2024-07-10 03:00:16', 'B1F1R100', 'Bedspacer', 24),
(69, '2024-07-10', '2024-07-10', 'Inactive', NULL, '2024-07-10 03:00:16', '2024-07-10 03:12:00', 'B1F1R102', 'Room(4 beds)', 24),
(70, '2024-07-10', '2024-07-10', 'Inactive', NULL, '2024-07-10 03:12:00', '2024-07-10 03:14:14', 'B1F1R100', 'Bedspacer', 24),
(71, '2024-07-10', '2024-07-10', 'Inactive', NULL, '2024-07-10 03:14:34', '2024-07-10 03:14:38', 'B1F1R100', 'Bedspacer', 24),
(72, '2024-07-10', '2024-07-10', 'Inactive', NULL, '2024-07-10 03:15:42', '2024-07-10 03:15:47', 'B1F1R100', 'Bedspacer', 24),
(73, '2024-07-10', '2024-07-10', 'Evicted', NULL, '2024-07-10 03:17:49', '2024-07-10 03:17:53', 'B1F1R100', 'Bedspacer', 24),
(74, '2024-07-10', '2024-07-10', 'Evicted', NULL, '2024-07-10 03:33:34', '2024-07-10 03:33:41', 'B1F1R101', 'Bedspacer', 24),
(75, '2024-07-10', '2024-07-10', 'Inactive', NULL, '2024-07-10 03:36:36', '2024-07-10 03:36:41', 'B1F1R100', 'Room(4 beds)', 24),
(76, '2024-07-10', '2024-07-10', 'Inactive', NULL, '2024-07-10 03:38:09', '2024-07-10 04:14:19', 'B1F1R100', 'Room(4 beds)', 24),
(77, '2024-07-10', '2024-07-10', 'Inactive', NULL, '2024-07-10 04:14:19', '2024-07-10 04:14:27', 'B1F1R100', 'Sharer', 24),
(78, '2024-07-10', '2024-07-10', 'Inactive', NULL, '2024-07-10 04:19:18', '2024-07-10 04:27:44', 'B1F1R101', 'Bedspacer', 24),
(79, '2024-07-10', '2024-07-10', 'Inactive', NULL, '2024-07-10 04:20:49', '2024-07-10 04:27:47', 'B1F1R101', 'Bedspacer', 24),
(80, '2024-07-10', '2024-07-10', 'Inactive', NULL, '2024-07-10 04:28:36', '2024-07-10 04:28:46', 'B1F1R101', 'Room(4 beds)', 24),
(81, '2024-07-10', '2024-07-10', 'Inactive', NULL, '2024-07-10 04:29:03', '2024-07-10 04:29:08', 'B1F1R100', 'Room(4 beds)', 24),
(82, '2024-07-10', '2024-07-10', 'Inactive', NULL, '2024-07-10 04:39:56', '2024-07-10 04:41:42', 'B1F1R100', 'Room(4 beds)', 24),
(84, '2024-07-10', '2024-07-10', 'Inactive', NULL, '2024-07-10 04:42:38', '2024-07-10 04:42:59', 'B1F2R100', 'Room(6 beds)', 24),
(85, '2024-07-10', '2024-07-10', 'Inactive', NULL, '2024-07-10 04:43:08', '2024-07-10 04:44:25', 'B1F1R100', 'Room(4 beds)', 24),
(87, '2024-07-10', '2024-07-10', 'Inactive', NULL, '2024-07-10 04:45:30', '2024-07-10 04:45:35', 'B1F2R100', 'Sharer', 24),
(88, '2024-07-10', '2024-07-10', 'Inactive', NULL, '2024-07-10 04:54:45', '2024-07-10 04:56:17', 'B1F2R100', 'Room(6 beds)', 24),
(90, '2024-07-10', '2024-07-10', 'Evicted', NULL, '2024-07-11 00:24:11', '2024-07-11 01:00:29', 'B1F1R100', 'Bedspacer', 24),
(91, '2024-07-11', '2024-07-11', 'Inactive', NULL, '2024-07-11 01:00:45', '2024-07-11 01:01:18', 'B1F2R100', 'Bedspacer', 24),
(94, '2024-07-11', '2024-07-11', 'Evicted', NULL, '2024-07-11 01:01:18', '2024-07-11 01:03:35', 'B1F2R100', 'Bedspacer', 24),
(95, '2024-07-11', '2024-07-11', 'Evicted', NULL, '2024-07-11 01:01:42', '2024-07-11 01:03:32', 'B1F2R100', 'Bedspacer', 17),
(96, '2024-07-11', '2024-07-11', 'Evicted', NULL, '2024-07-11 01:02:03', '2024-07-11 01:03:15', 'B1F2R100', 'Bedspacer', 11),
(97, '2024-07-11', '2024-07-11', 'Evicted', NULL, '2024-07-11 01:02:53', '2024-07-11 01:03:38', 'B1F2R100', 'Bedspacer', 12),
(98, '2024-07-11', '2024-07-11', 'Inactive', NULL, '2024-07-11 01:05:24', '2024-07-11 01:05:42', 'B1F1R100', 'Bedspacer', 24),
(99, '2024-07-11', '2024-07-11', 'Inactive', NULL, '2024-07-11 01:05:42', '2024-07-11 01:05:56', 'B1F1R101', 'Bedspacer', 24),
(100, '2024-07-11', '2024-07-11', 'Inactive', NULL, '2024-07-11 01:54:21', '2024-07-11 01:54:51', 'B1F1R100', 'Bedspacer', 11),
(101, '2024-07-11', '2024-07-11', 'Inactive', NULL, '2024-07-11 01:54:56', '2024-07-11 01:56:03', 'B1F1R100', 'Bedspacer', 11),
(102, '2024-07-11', '2024-07-11', 'Evicted', NULL, '2024-07-11 01:55:58', '2024-07-11 01:56:06', 'B1F1R100', 'Bedspacer', 11),
(103, '2024-07-11', '2024-07-11', 'Inactive', '0000-00-00', '2024-07-11 01:56:15', '2024-07-11 02:16:56', 'B1F1R100', 'Bedspacer', 12),
(104, '2024-07-11', '2024-07-11', 'Inactive', '0000-00-00', '2024-07-11 02:04:25', '2024-07-11 02:17:40', 'B1F1R100', 'Bedspacer', 11),
(105, '2024-07-11', '2024-07-11', 'Inactive', '2024-07-11', '2024-07-11 02:19:32', '2024-07-11 02:20:09', 'B1F1R100', 'Bedspacer', 11),
(106, '2024-07-11', '2024-07-11', 'Inactive', '2024-07-11', '2024-07-11 02:42:50', '2024-07-11 02:43:00', 'B1F1R100', 'Bedspacer', 11),
(107, '2024-07-11', '2024-07-11', 'Inactive', '2024-07-11', '2024-07-11 02:43:19', '2024-07-11 02:45:29', 'B1F1R100', 'Bedspacer', 11),
(108, '2024-07-11', '2024-07-11', 'Inactive', '2024-07-11', '2024-07-11 02:45:46', '2024-07-11 04:15:15', 'B1F1R100', 'Bedspacer', 12),
(109, '2024-07-11', '2024-07-11', 'Inactive', '2024-07-11', '2024-07-11 03:06:10', '2024-07-11 11:05:22', 'B1F1R101', 'Bedspacer', 11),
(110, '2024-07-11', '2024-07-31', 'Inactive', '2024-07-11', '2024-07-11 03:38:36', '2024-07-11 11:05:26', 'B1F1R100', 'Bedspacer', 15),
(111, '2024-07-11', '2024-07-11', 'Evicted', '2024-07-11', '2024-07-11 03:41:42', '2024-07-11 06:31:54', 'B1F1R100', 'Bedspacer', 17),
(113, '2024-07-11', '2024-07-01', 'Inactive', '2024-07-11', '2024-07-11 04:17:18', '2024-07-11 11:05:31', 'B1F1R100', 'Bedspacer', 12),
(114, '2024-07-11', '2024-07-11', 'Inactive', '2024-07-11', '2024-07-11 06:48:36', '2024-07-11 11:05:35', 'B1F1R102', 'Room(4 beds)', 17),
(116, '2024-07-11', '2024-07-11', 'Inactive', '2024-07-11', '2024-07-11 11:05:18', '2024-07-11 11:05:24', 'B1F1R101', 'Bedspacer', 24),
(117, '2024-07-11', '2024-07-11', 'Inactive', '2024-07-11', '2024-07-11 11:05:45', '2024-07-11 11:06:03', 'B1F1R100', 'Room(4 beds)', 11),
(118, '2024-07-11', '2024-07-11', 'Inactive', '2024-07-11', '2024-07-11 11:05:55', '2024-07-11 11:06:32', 'B1F1R100', 'Sharer', 17),
(119, '2024-07-11', '2024-07-11', 'Inactive', '2024-07-11', '2024-07-11 11:05:55', '2024-07-11 11:06:34', 'B1F1R100', 'Sharer', 17),
(120, '2024-07-11', '2024-07-11', 'Inactive', '2024-07-11', '2024-07-11 11:06:45', '2024-07-11 11:12:07', 'B1F1R100', 'Room(4 beds)', 11),
(121, '2024-07-11', '2024-07-11', 'Inactive', '2024-07-11', '2024-07-11 11:06:55', '2024-07-11 11:07:01', 'B1F1R101', 'Room(4 beds)', 12),
(122, '2024-07-11', '2024-07-11', 'Inactive', '2024-07-11', '2024-07-11 11:07:08', '2024-07-11 11:12:09', 'B1F1R100', 'Sharer', 12),
(123, '2024-07-11', '2024-07-11', 'Inactive', '2024-07-11', '2024-07-11 11:07:17', '2024-07-11 11:07:21', 'B1F1R101', 'Room(4 beds)', 17),
(124, '2024-07-11', '2024-07-11', 'Inactive', '2024-07-11', '2024-07-11 11:07:27', '2024-07-11 11:12:11', 'B1F1R100', 'Sharer', 15),
(125, '2024-07-11', '2024-07-11', 'Inactive', '2024-07-11', '2024-07-11 11:12:18', '2024-07-11 11:13:24', 'B1F1R100', 'Room(4 beds)', 11),
(126, '2024-07-11', '2024-07-11', 'Inactive', '2024-07-11', '2024-07-11 11:12:55', '2024-07-11 11:13:22', 'B1F1R100', 'Sharer', 12),
(127, '2024-07-11', '2024-07-11', 'Inactive', '2024-07-11', '2024-07-11 11:13:30', '2024-07-11 11:16:33', 'B1F1R100', 'Room(4 beds)', 11),
(128, '2024-07-11', '2024-07-11', 'Inactive', '2024-07-11', '2024-07-11 11:13:39', '2024-07-11 11:16:37', 'B1F1R100', 'Sharer', 12),
(129, '2024-07-11', '2024-07-11', 'Inactive', '2024-07-11', '2024-07-11 11:13:48', '2024-07-11 11:16:39', 'B1F1R100', 'Sharer', 15),
(131, '2024-07-11', '2024-07-11', 'Inactive', '2024-07-11', '2024-07-11 11:17:16', '2024-07-11 11:23:35', 'B1F2R100', 'Room(6 beds)', 11),
(132, '2024-07-11', '2024-07-11', 'Inactive', '2024-07-11', '2024-07-11 11:17:34', '2024-07-11 11:23:39', 'B1F2R100', 'Sharer', 12),
(133, '2024-07-11', '2024-07-11', 'Inactive', '2024-07-11', '2024-07-11 11:17:42', '2024-07-11 11:23:42', 'B1F2R100', 'Sharer', 15),
(134, '2024-07-11', '2024-07-11', 'Inactive', '2024-07-11', '2024-07-11 11:25:43', '2024-07-11 11:28:04', 'B1F1R100', 'Room(4 beds)', 11),
(135, '2024-07-11', '2024-07-11', 'Inactive', '2024-07-11', '2024-07-11 11:28:01', '2024-07-11 11:28:06', 'B1F1R100', 'Sharer', 12),
(136, '2024-07-11', '2024-07-11', 'Inactive', '2024-07-11', '2024-07-11 11:28:17', '2024-07-11 11:28:30', 'B1F1R100', 'Bedspacer', 11),
(137, '2024-07-11', '2024-07-11', 'Inactive', '2024-07-11', '2024-07-11 11:28:41', '2024-07-11 11:28:58', 'B1F1R100', 'Room(4 beds)', 11),
(138, '2024-07-11', '2024-07-11', 'Inactive', '2024-07-11', '2024-07-11 11:28:50', '2024-07-11 11:31:37', 'B1F1R100', 'Sharer', 12),
(139, '2024-07-11', '2024-07-11', 'Inactive', '2024-07-11', '2024-07-11 11:31:50', '2024-07-11 11:32:01', 'B1F2R100', 'Room(6 beds)', 11),
(140, '2024-07-11', '2024-07-11', 'Inactive', '2024-07-11', '2024-07-11 11:31:57', '2024-07-11 11:33:03', 'B1F2R100', 'Sharer', 12),
(141, '2024-07-11', '2024-07-11', 'Inactive', '2024-07-11', '2024-07-11 11:33:17', '2024-07-11 11:33:29', 'B1F1R100', 'Room(4 beds)', 11),
(142, '2024-07-11', '2024-07-11', 'Inactive', '2024-07-11', '2024-07-11 11:33:26', '2024-07-11 11:34:28', 'B1F1R100', 'Sharer', 12),
(143, '2024-07-11', '2024-07-11', 'Inactive', '2024-07-11', '2024-07-11 11:34:39', '2024-07-11 11:40:30', 'B1F1R100', 'Room(4 beds)', 11),
(144, '2024-07-11', '2024-07-11', 'Inactive', '2024-07-11', '2024-07-11 11:34:45', '2024-07-11 11:40:30', 'B1F1R100', 'Sharer', 12),
(145, '2024-07-11', '2024-07-11', 'Inactive', '2024-07-11', '2024-07-11 11:41:09', '2024-07-11 11:41:46', 'B1F1R100', 'Room(4 beds)', 11),
(146, '2024-07-11', '2024-07-11', 'Inactive', '2024-07-11', '2024-07-11 11:41:15', '2024-07-11 11:41:46', 'B1F1R100', 'Sharer', 15),
(147, '2024-07-11', '2024-07-11', 'Inactive', '2024-07-11', '2024-07-11 11:41:27', '2024-07-11 11:41:46', 'B1F1R100', 'Sharer', 12),
(148, '2024-07-11', '2024-07-11', 'Inactive', '2024-07-11', '2024-07-11 11:41:40', '2024-07-11 11:41:46', 'B1F1R100', 'Sharer', 24),
(149, '2024-07-11', '2024-07-11', 'Inactive', '2024-07-11', '2024-07-11 11:42:07', '2024-07-11 11:42:49', 'B1F1R100', 'Room(4 beds)', 11),
(150, '2024-07-11', '2024-07-11', 'Inactive', '2024-07-11', '2024-07-11 11:42:14', '2024-07-11 11:42:41', 'B1F1R100', 'Sharer', 12),
(151, '2024-07-11', '2024-07-11', 'Inactive', '2024-07-11', '2024-07-11 11:42:27', '2024-07-11 11:42:49', 'B1F1R100', 'Sharer', 24),
(152, '2024-07-11', '2024-07-11', 'Inactive', '2024-07-11', '2024-07-11 11:42:33', '2024-07-11 11:42:49', 'B1F1R100', 'Sharer', 17),
(153, '2024-07-11', '2024-07-11', 'Inactive', '2024-07-11', '2024-07-11 11:48:06', '2024-07-11 11:51:16', 'B1F1R100', 'Room(4 beds)', 11),
(154, '2024-07-11', '2024-07-11', 'Inactive', '2024-07-11', '2024-07-11 11:48:16', '2024-07-11 11:51:16', 'B1F1R100', 'Sharer', 12),
(155, '2024-07-11', '2024-07-11', 'Inactive', '2024-07-11', '2024-07-11 11:48:16', '2024-07-11 11:51:16', 'B1F1R100', 'Sharer', 12),
(156, '2024-07-11', '2024-07-11', 'Inactive', '2024-07-11', '2024-07-11 11:51:48', '2024-07-11 11:53:03', 'B1F1R100', 'Room(4 beds)', 11),
(157, '2024-07-11', '2024-07-11', 'Inactive', '2024-07-11', '2024-07-11 11:51:55', '2024-07-11 11:53:03', 'B1F1R100', 'Sharer', 12),
(158, '2024-07-11', '2024-07-11', 'Inactive', '2024-07-11', '2024-07-11 11:51:55', '2024-07-11 11:53:03', 'B1F1R100', 'Sharer', 12),
(159, '2024-07-11', '2024-07-11', 'Inactive', '2024-07-11', '2024-07-11 11:53:21', '2024-07-11 11:55:01', 'B1F1R100', 'Room(4 beds)', 11),
(160, '2024-07-11', '2024-07-11', 'Inactive', '2024-07-11', '2024-07-11 11:53:34', '2024-07-11 11:55:01', 'B1F1R100', 'Sharer', 12),
(161, '2024-07-11', '2024-07-11', 'Inactive', '2024-07-11', '2024-07-11 11:53:34', '2024-07-11 11:55:01', 'B1F1R100', 'Sharer', 12),
(162, '2024-07-11', '2024-07-11', 'Inactive', '2024-07-11', '2024-07-11 11:55:22', '2024-07-11 11:59:57', 'B1F1R100', 'Room(4 beds)', 11),
(163, '2024-07-11', '2024-07-11', 'Inactive', '2024-07-11', '2024-07-11 11:55:27', '2024-07-11 11:59:57', 'B1F1R100', 'Sharer', 12),
(164, '2024-07-11', '2024-07-11', 'Inactive', '2024-07-11', '2024-07-11 11:59:53', '2024-07-11 11:59:57', 'B1F1R100', 'Sharer', 15),
(165, '2024-07-11', '2025-12-11', 'Inactive', '2024-07-11', '2024-07-11 12:00:25', '2024-07-11 12:07:22', 'B1F1R100', 'Room(4 beds)', 11),
(166, '2024-07-11', '2024-07-11', 'Inactive', '2024-07-11', '2024-07-11 12:00:54', '2024-07-11 12:05:56', 'B1F1R100', 'Sharer', 12),
(167, '2024-07-11', '0000-00-00', 'Inactive', '2024-07-11', '2024-07-11 12:03:25', '2024-07-11 12:05:53', 'B1F1R100', 'Sharer', 15),
(168, '2024-07-11', '2025-12-11', 'Inactive', '2024-07-11', '2024-07-11 12:07:11', '2024-07-11 12:07:22', 'B1F1R100', 'Sharer', 12),
(169, '2024-07-11', '2025-12-11', 'Inactive', '2024-07-11', '2024-07-11 12:07:11', '2024-07-11 12:07:22', 'B1F1R100', 'Sharer', 12),
(170, '2024-07-11', '2024-07-11', 'Inactive', '2024-07-11', '2024-07-11 12:07:32', '2024-07-11 12:07:44', 'B1F1R100', 'Room(4 beds)', 11),
(171, '2024-07-11', '2024-07-11', 'Inactive', '2024-07-11', '2024-07-11 12:07:38', '2024-07-11 12:07:44', 'B1F1R100', 'Sharer', 12),
(172, '2024-07-11', '2024-07-11', 'Inactive', '2024-07-11', '2024-07-11 12:07:52', '2024-07-11 12:27:33', 'B1F1R100', 'Room(4 beds)', 11),
(173, '2024-07-11', '2024-07-11', 'Inactive', '2024-07-11', '2024-07-11 12:08:10', '2024-07-11 12:27:33', 'B1F1R100', 'Sharer', 12),
(174, '2024-07-11', '2024-07-11', 'Inactive', '2024-07-11', '2024-07-11 12:16:36', '2024-07-11 12:27:33', 'B1F1R100', 'Sharer', 15),
(176, '2024-07-11', '2024-07-11', 'Inactive', '2024-07-11', '2024-07-11 12:20:09', '2024-07-11 12:27:35', 'B1F1R101', 'Bedspacer', 17),
(178, '2024-07-11', '2024-07-11', 'Inactive', '2024-07-11', '2024-07-11 12:27:43', '2024-07-11 13:41:11', 'B1F1R100', 'Bedspacer', 11),
(179, '2024-07-11', '2024-07-11', 'Inactive', '2024-07-11', '2024-07-11 12:31:44', '2024-07-11 13:41:13', 'B1F1R100', 'Bedspacer', 12),
(180, '2024-07-11', '2024-07-11', 'Inactive', '2024-07-11', '2024-07-11 12:34:28', '2024-07-11 13:41:16', 'B1F1R100', 'Bedspacer', 15),
(181, '2024-07-11', '2024-07-11', 'Inactive', '2024-07-11', '2024-07-11 13:08:12', '2024-07-11 13:41:23', 'B1F1R101', 'Room(4 beds)', 17),
(184, '2024-07-11', '2024-07-11', 'Inactive', '2024-07-11', '2024-07-11 13:15:08', '2024-07-11 13:41:23', 'B1F1R101', 'Sharer', 24),
(186, '2024-07-11', '2024-07-11', 'Inactive', '2024-07-11', '2024-07-11 13:27:28', '2024-07-11 13:41:28', 'B1F1R102', 'Bedspacer', 28),
(187, '2024-07-11', '2024-07-11', 'Inactive', '2024-07-11', '2024-07-11 13:31:36', '2024-07-11 13:41:30', 'B1F1R102', 'Bedspacer', 29),
(189, '2024-07-11', '2024-07-11', 'Inactive', '2024-07-11', '2024-07-11 13:40:33', '2024-07-11 13:41:05', 'B1F1R103', 'Bedspacer', 31),
(190, '2024-07-11', '2024-07-11', 'Inactive', '2024-07-11', '2024-07-11 13:40:43', '2024-07-11 13:41:08', 'B1F1R103', 'Bedspacer', 31),
(191, '2024-07-11', '2024-07-11', 'Inactive', '2024-07-11', '2024-07-11 13:41:38', '2024-07-11 13:41:46', 'B1F1R100', 'Bedspacer', 11),
(192, '2024-07-11', '2024-07-11', 'Inactive', '2024-07-11', '2024-07-11 13:41:43', '2024-07-11 13:41:48', 'B1F1R100', 'Bedspacer', 11),
(193, '2024-07-11', '2024-07-11', 'Inactive', '2024-07-11', '2024-07-11 13:49:22', '2024-07-11 13:54:52', 'B1F1R100', 'Bedspacer', 11),
(194, '2024-07-11', '2024-07-11', 'Inactive', '2024-07-11', '2024-07-11 13:51:25', '2024-07-11 13:54:55', 'B1F1R100', 'Bedspacer', 12),
(195, '2024-07-11', '2024-07-11', 'Inactive', '2024-07-11', '2024-07-11 13:54:42', '2024-07-11 13:54:57', 'B1F1R100', 'Bedspacer', 15),
(196, '2024-07-11', '2024-07-11', 'Inactive', '2024-07-11', '2024-07-11 14:03:16', '2024-07-11 14:34:34', 'B1F1R100', 'Bedspacer', 11),
(197, '2024-07-11', '2024-07-11', 'Inactive', '2024-07-11', '2024-07-11 14:03:53', '2024-07-11 14:34:36', 'B1F1R100', 'Bedspacer', 12),
(198, '2024-07-11', '2024-07-11', 'Inactive', '2024-07-11', '2024-07-11 14:07:54', '2024-07-11 14:34:38', 'B1F1R100', 'Bedspacer', 15),
(200, '2024-07-11', '2024-07-11', 'Inactive', '2024-07-11', '2024-07-11 14:10:27', '2024-07-11 14:34:29', 'B1F1R101', 'Bedspacer', 17),
(201, '2024-07-11', '2024-07-11', 'Inactive', '2024-07-11', '2024-07-11 14:30:59', '2024-07-11 14:34:32', 'B1F1R101', 'Bedspacer', 33),
(202, '2024-07-11', '2024-07-11', 'Inactive', '2024-07-11', '2024-07-11 14:36:27', '2024-07-11 14:38:24', 'B1F1R100', 'Room(4 beds)', 11),
(203, '2024-07-11', '2024-07-11', 'Inactive', '2024-07-11', '2024-07-11 14:36:45', '2024-07-11 14:38:24', 'B1F1R100', 'Sharer', 33),
(204, '2024-07-11', '2024-07-11', 'Inactive', '2024-07-11', '2024-07-11 14:43:33', '2024-07-11 14:53:12', 'B1F1R100', 'Bedspacer', 11),
(205, '2024-07-11', '2024-07-11', 'Inactive', '2024-07-11', '2024-07-11 14:55:55', '2024-07-11 14:56:46', 'B1F1R100', 'Room(4 beds)', 12),
(206, '2024-07-11', '2024-07-11', 'Inactive', '2024-07-12', '2024-07-11 14:59:04', '2024-07-11 16:07:07', 'B1F1R100', 'Room(4 beds)', 34),
(207, '2024-07-11', '2024-07-11', 'Inactive', '2024-07-12', '2024-07-11 14:59:18', '2024-07-11 16:03:59', 'B1F1R101', 'Bedspacer', 12),
(208, '2024-07-11', '2024-07-11', 'Inactive', '2024-07-12', '2024-07-11 14:59:28', '2024-07-11 16:04:07', 'B1F1R101', 'Bedspacer', 15),
(209, '2024-07-11', '2024-07-11', 'Inactive', '2024-07-12', '2024-07-11 15:00:00', '2024-07-11 16:06:33', 'B1F2R100', 'Room(6 beds)', 33),
(210, '2024-07-11', '2024-07-11', 'Inactive', '2024-07-12', '2024-07-11 15:00:10', '2024-07-11 16:06:33', 'B1F2R100', 'Sharer', 30),
(211, '2024-07-11', '2024-07-11', 'Inactive', '2024-07-12', '2024-07-11 15:01:06', '2024-07-11 16:06:33', 'B1F2R100', 'Sharer', 28),
(212, '2024-07-11', '2024-07-11', 'Inactive', '2024-07-12', '2024-07-11 15:01:26', '2024-07-11 16:06:49', 'B2F1R100', 'Bedspacer', 29),
(213, '2024-07-11', '2024-07-11', 'Inactive', '2024-07-12', '2024-07-11 15:05:53', '2024-07-11 16:07:50', 'B1F1R103', 'Bedspacer', 11),
(214, '2024-07-11', '2024-07-11', 'Inactive', '2024-07-11', '2024-07-11 15:19:12', '2024-07-11 15:55:34', 'B1F1R102', 'Bedspacer', 17),
(216, '2024-07-11', '2024-07-11', 'Inactive', '2024-07-11', '2024-07-11 15:55:45', '2024-07-11 15:55:51', 'B1F1R101', 'Bedspacer', 17),
(218, '2024-07-11', '2024-07-11', 'Inactive', '2024-07-11', '2024-07-11 15:56:40', '2024-07-11 15:56:44', 'B1F1R101', 'Bedspacer', 17),
(219, '2024-07-11', '2024-07-11', 'Inactive', '2024-07-11', '2024-07-11 15:56:59', '2024-07-11 15:57:02', 'B1F1R101', 'Bedspacer', 17),
(220, '2024-07-11', '2024-07-11', 'Inactive', '2024-07-11', '2024-07-11 15:58:41', '2024-07-11 15:58:44', 'B1F1R101', 'Bedspacer', 17),
(221, '2024-07-12', '2024-07-11', 'Inactive', '2024-07-12', '2024-07-11 16:00:03', '2024-07-11 16:02:20', 'B1F1R101', 'Bedspacer', 17),
(222, '2024-07-12', '2024-07-11', 'Inactive', '2024-07-12', '2024-07-11 16:03:01', '2024-07-11 16:03:06', 'B1F1R101', 'Bedspacer', 17),
(223, '2024-07-12', '2025-07-11', 'Inactive', '2024-07-16', '2024-07-11 16:06:04', '2024-07-16 15:22:52', 'B1F1R101', 'Bedspacer', 12),
(224, '2024-07-12', '2025-07-11', 'Inactive', '2024-07-16', '2024-07-11 16:06:22', '2024-07-16 15:22:59', 'B1F1R101', 'Bedspacer', 15),
(225, '2024-07-12', '2024-07-11', 'Inactive', '2024-07-12', '2024-07-11 16:08:35', '2024-07-11 16:08:41', 'B1F1R100', 'Bedspacer', 11),
(226, '2024-07-12', '2024-07-11', 'Inactive', '2024-07-12', '2024-07-11 16:09:11', '2024-07-11 16:10:04', 'B1F1R100', 'Bedspacer', 11),
(227, '2024-07-12', '2024-07-11', 'Inactive', '2024-07-12', '2024-07-11 16:10:33', '2024-07-11 16:12:12', 'B1F1R100', 'Bedspacer', 11),
(228, '2024-07-12', '2024-07-11', 'Inactive', '2024-07-12', '2024-07-11 16:12:43', '2024-07-11 16:12:45', 'B1F1R100', 'Bedspacer', 11),
(229, '2024-07-12', '2024-07-11', 'Inactive', '2024-07-12', '2024-07-11 16:15:29', '2024-07-11 16:17:02', 'B1F1R100', 'Bedspacer', 11),
(230, '2024-07-12', '2024-12-11', 'Inactive', '2024-07-16', '2024-07-11 16:17:30', '2024-07-16 15:22:50', 'B1F1R100', 'Room(4 beds)', 29),
(231, '2024-07-12', '2024-07-11', 'Inactive', '2024-07-12', '2024-07-11 16:17:44', '2024-07-11 16:17:48', 'B1F2R100', 'Bedspacer', 33),
(232, '2024-07-12', '2024-12-11', 'Inactive', '2024-07-16', '2024-07-11 16:18:04', '2024-07-16 15:23:01', 'B1F2R100', 'Bedspacer', 33),
(233, '2024-07-12', '2024-12-11', 'Inactive', '2024-07-16', '2024-07-11 16:18:18', '2024-07-16 15:22:50', 'B1F1R100', 'Sharer', 28),
(234, '2024-07-12', '2024-10-11', 'Inactive', '2024-07-16', '2024-07-11 16:18:50', '2024-07-16 15:23:04', 'B1F2R100', 'Bedspacer', 34),
(235, '2024-07-12', '2024-07-11', 'Inactive', '2024-07-12', '2024-07-11 16:19:19', '2024-07-11 16:19:23', 'B2F2R100', 'Room(6 beds)', 30),
(236, '2024-07-12', '2025-03-11', 'Inactive', '2024-07-13', '2024-07-11 16:19:40', '2024-07-13 10:45:03', 'B2F2R100', 'Room(6 beds)', 30),
(238, '2024-07-12', '2024-07-11', 'Inactive', '2024-07-12', '2024-07-11 21:14:49', '2024-07-11 21:27:52', 'B1F1R101', 'Bedspacer', 11),
(239, '2024-07-12', '2024-12-11', 'Inactive', '2024-07-12', '2024-07-12 00:36:59', '2024-07-12 00:44:04', 'B1F1R100', 'Sharer', 11),
(240, '2024-07-12', '2024-07-12', 'Evicted', '2024-07-12', '2024-07-12 01:21:40', '2024-07-12 01:21:50', 'B1F2R100', 'Bedspacer', 11),
(241, '2024-07-15', '2024-07-15', 'Inactive', '2024-07-15', '2024-07-15 01:44:22', '2024-07-15 02:18:48', 'B1F1R102', 'Bedspacer', 30),
(242, '2024-07-15', '2024-07-15', 'Evicted', '2024-07-15', '2024-07-15 03:25:48', '2024-07-15 03:33:08', 'B1F1R102', 'Bedspacer', 30),
(243, '2024-07-15', '2024-07-15', 'Inactive', '2024-07-16', '2024-07-15 03:39:29', '2024-07-16 15:22:54', 'B1F1R102', 'Bedspacer', 30),
(244, '2024-07-15', '2024-07-15', 'Inactive', '2024-07-16', '2024-07-15 05:28:59', '2024-07-16 15:22:56', 'B1F1R102', 'Bedspacer', 17),
(245, '2024-07-16', '2024-12-11', 'Evicted', '2024-07-16', '2024-07-16 13:32:56', '2024-07-16 13:33:07', 'B1F1R100', 'Sharer', 11),
(246, '2024-07-16', '2024-12-11', 'Inactive', '2024-07-16', '2024-07-16 13:43:53', '2024-07-16 15:22:50', 'B1F1R100', 'Sharer', 11),
(247, '2024-07-16', '2024-07-16', 'Inactive', '2024-07-16', '2024-07-16 15:23:19', '2024-07-16 15:23:22', 'B1F1R100', 'Room(4 beds)', 15),
(248, '2024-07-16', '2025-07-16', 'Inactive', '2024-07-16', '2024-07-16 15:24:36', '2024-07-16 15:53:38', 'B1F1R100', 'Room(4 beds)', 15),
(249, '2024-07-16', '2024-07-16', 'Inactive', '2024-07-16', '2024-07-16 15:53:57', '2024-07-16 15:56:27', 'B1F1R100', 'Bedspacer', 11),
(250, '2024-07-17', '2024-07-16', 'Evicted', '2024-07-17', '2024-07-16 16:02:11', '2024-07-16 16:10:19', 'B1F1R100', 'Bedspacer', 11),
(251, '2024-07-17', '2024-07-16', 'Inactive', '2024-07-17', '2024-07-16 16:11:08', '2024-07-16 16:11:24', 'B1F2R100', 'Room(6 beds)', 11),
(252, '2024-07-17', '2024-07-16', 'Inactive', '2024-07-17', '2024-07-16 16:13:22', '2024-07-16 16:13:41', 'B1F1R100', 'Bedspacer', 11),
(253, '2024-07-17', '2024-07-16', 'Inactive', '2024-07-20', '2024-07-16 16:13:52', '2024-07-20 01:04:04', 'B1F1R100', 'Bedspacer', 11),
(254, '2024-07-20', '2024-08-20', 'Inactive', '2024-07-20', '2024-07-20 01:04:13', '2024-07-20 01:08:02', 'B1F1R100', 'Bedspacer', 11),
(255, '2024-07-20', '2024-08-20', 'Inactive', '2024-07-20', '2024-07-20 01:04:52', '2024-07-20 01:08:04', 'B1F1R100', 'Bedspacer', 11),
(256, '2024-07-20', '2024-08-20', 'Inactive', '2024-07-20', '2024-07-20 01:07:59', '2024-07-20 01:08:06', 'B1F1R100', 'Bedspacer', 11),
(257, '2024-07-20', '2024-08-20', 'Inactive', '2024-07-23', '2024-07-20 01:08:24', '2024-07-23 14:09:14', 'B1F1R100', 'Bedspacer', 11),
(258, '2024-07-20', '2024-08-20', 'Inactive', '2024-07-23', '2024-07-20 03:30:26', '2024-07-23 14:22:42', 'B1F1R101', 'Room(4 beds)', 12),
(259, '2024-07-20', '2024-11-20', 'Inactive', '2024-07-23', '2024-07-20 07:04:43', '2024-07-23 14:22:48', 'B1F2R100', 'Room(6 beds)', 30),
(260, '2024-07-23', '2024-08-23', 'Inactive', '2024-07-23', '2024-07-23 14:07:21', '2024-07-23 14:10:45', 'B1F1R100', 'Bedspacer', 15),
(261, '2024-07-23', '2024-08-23', 'Inactive', '2024-07-23', '2024-07-23 14:07:27', '2024-07-23 14:10:46', 'B1F1R100', 'Bedspacer', 17),
(262, '2024-07-23', '2024-08-23', 'Inactive', '2024-07-23', '2024-07-23 14:07:33', '2024-07-23 14:10:48', 'B1F1R100', 'Bedspacer', 24),
(263, '2024-07-23', '2024-08-23', 'Inactive', '2024-07-23', '2024-07-23 14:11:53', '2024-07-23 14:11:55', 'B1F1R100', 'Bedspacer', 11),
(264, '2024-07-23', '2024-08-23', 'Inactive', '2024-07-23', '2024-07-23 14:12:07', '2024-07-23 14:22:23', 'B1F1R100', 'Bedspacer', 11),
(265, '2024-07-23', '2024-08-23', 'Inactive', '2024-07-23', '2024-07-23 14:20:13', '2024-07-23 14:22:29', 'B1F1R100', 'Bedspacer', 15),
(266, '2024-07-23', '2024-08-23', 'Inactive', '2024-07-23', '2024-07-23 14:20:24', '2024-07-23 14:22:31', 'B1F1R100', 'Bedspacer', 17),
(267, '2024-07-23', '2024-08-23', 'Evicted', '2024-07-23', '2024-07-23 14:20:33', '2024-07-23 14:22:35', 'B1F1R100', 'Bedspacer', 24),
(268, '2024-07-23', '2024-08-23', 'Inactive', '2024-07-23', '2024-07-23 14:22:59', '2024-07-23 14:23:08', 'B1F2R100', 'Room(6 beds)', 11);

-- --------------------------------------------------------

--
-- Table structure for table `rooms`
--

CREATE TABLE `rooms` (
  `RoomID` varchar(50) NOT NULL,
  `Capacity` enum('4','6') NOT NULL,
  `NumofTen` int(11) NOT NULL DEFAULT 0,
  `RoomType` enum('Empty','Shared','Rented') NOT NULL DEFAULT 'Empty',
  `RoomStatus` enum('Empty','Partial','Full') NOT NULL DEFAULT 'Empty',
  `LastModified` datetime NOT NULL DEFAULT current_timestamp() ON UPDATE current_timestamp()
) ENGINE=InnoDB DEFAULT CHARSET=utf8mb4 COLLATE=utf8mb4_general_ci;

--
-- Dumping data for table `rooms`
--

INSERT INTO `rooms` (`RoomID`, `Capacity`, `NumofTen`, `RoomType`, `RoomStatus`, `LastModified`) VALUES
('B1F1R100', '4', 0, 'Empty', 'Empty', '2024-07-23 22:22:35'),
('B1F1R101', '4', 0, 'Empty', 'Empty', '2024-07-23 22:22:42'),
('B1F1R102', '4', 0, 'Empty', 'Empty', '2024-07-16 23:22:56'),
('B1F1R103', '4', 0, 'Empty', 'Empty', '2024-07-12 00:07:50'),
('B1F1R104', '4', 0, 'Empty', 'Empty', '2024-07-08 09:58:19'),
('B1F1R105', '4', 0, 'Empty', 'Empty', '2024-07-11 23:52:52'),
('B1F2R100', '6', 0, 'Empty', 'Empty', '2024-07-23 22:23:08'),
('B1F2R101', '6', 0, 'Empty', 'Empty', '2024-07-08 09:58:19'),
('B1F2R102', '6', 0, 'Empty', 'Empty', '2024-07-08 09:58:19'),
('B1F2R103', '6', 0, 'Empty', 'Empty', '2024-07-08 09:58:19'),
('B1F2R104', '6', 0, 'Empty', 'Empty', '2024-07-08 09:58:19'),
('B1F2R105', '6', 0, 'Empty', 'Empty', '2024-07-08 09:58:19'),
('B2F1R100', '4', 0, 'Empty', 'Empty', '2024-07-12 00:06:49'),
('B2F1R101', '4', 0, 'Empty', 'Empty', '2024-07-08 09:58:19'),
('B2F1R102', '4', 0, 'Empty', 'Empty', '2024-07-08 09:58:19'),
('B2F1R103', '4', 0, 'Empty', 'Empty', '2024-07-08 09:58:19'),
('B2F1R104', '4', 0, 'Empty', 'Empty', '2024-07-08 09:58:19'),
('B2F1R105', '4', 0, 'Empty', 'Empty', '2024-07-08 09:58:19'),
('B2F2R100', '6', 0, 'Empty', 'Empty', '2024-07-13 18:45:03'),
('B2F2R101', '6', 0, 'Empty', 'Empty', '2024-07-08 09:58:19'),
('B2F2R102', '6', 0, 'Empty', 'Empty', '2024-07-08 09:58:19'),
('B2F2R103', '6', 0, 'Empty', 'Empty', '2024-07-08 09:58:19'),
('B2F2R104', '6', 0, 'Empty', 'Empty', '2024-07-08 09:58:19'),
('B2F2R105', '6', 0, 'Empty', 'Empty', '2024-07-08 09:58:19');

-- --------------------------------------------------------

--
-- Table structure for table `staff`
--

CREATE TABLE `staff` (
  `StaffID` int(11) NOT NULL,
  `StaffFname` varchar(50) NOT NULL,
  `StaffLname` varchar(50) NOT NULL,
  `StaffMI` varchar(50) NOT NULL,
  `StaffRole` varchar(50) NOT NULL,
  `StaffEmail` varchar(250) NOT NULL,
  `StaffConNum` varchar(11) NOT NULL,
  `username` varchar(255) NOT NULL,
  `password` varchar(255) NOT NULL,
  `security_question` text DEFAULT NULL,
  `security_answer` varchar(255) DEFAULT NULL
) ENGINE=InnoDB DEFAULT CHARSET=utf8mb4 COLLATE=utf8mb4_general_ci;

-- --------------------------------------------------------

--
-- Table structure for table `tenant`
--

CREATE TABLE `tenant` (
  `TenantID` int(11) NOT NULL,
  `TenFname` varchar(50) NOT NULL,
  `TenLname` varchar(50) NOT NULL,
  `TenMname` varchar(50) NOT NULL,
  `TenHouseNum` int(10) NOT NULL,
  `TenSt` varchar(50) NOT NULL,
  `TenBarangay` varchar(50) NOT NULL,
  `TenCity` varchar(50) NOT NULL,
  `TenProv` varchar(50) NOT NULL,
  `TenConNum` varchar(11) NOT NULL,
  `TenEmail` varchar(250) NOT NULL,
  `TenBdate` date NOT NULL,
  `TenGender` enum('M','F') NOT NULL DEFAULT 'M',
  `EmConFname` varchar(50) NOT NULL,
  `EmConLname` varchar(50) NOT NULL,
  `EmConMname` varchar(50) NOT NULL,
  `EmConNum` varchar(11) NOT NULL,
  `DateCreated` timestamp NOT NULL DEFAULT current_timestamp(),
  `LastModified` timestamp NOT NULL DEFAULT current_timestamp() ON UPDATE current_timestamp()
) ENGINE=InnoDB DEFAULT CHARSET=utf8mb4 COLLATE=utf8mb4_general_ci;

--
-- Dumping data for table `tenant`
--

INSERT INTO `tenant` (`TenantID`, `TenFname`, `TenLname`, `TenMname`, `TenHouseNum`, `TenSt`, `TenBarangay`, `TenCity`, `TenProv`, `TenConNum`, `TenEmail`, `TenBdate`, `TenGender`, `EmConFname`, `EmConLname`, `EmConMname`, `EmConNum`, `DateCreated`, `LastModified`) VALUES
(11, 'Dummy', 'Tester', 'Tenant', 25, 'Test4', 'Test5', 'Test6', 'Test7', '09177060872', 'elijahkahlilandres@gmail.com', '2024-06-15', 'M', 'Test8', 'Test9', 'Test0', '09177060872', '2024-06-24 04:03:58', '2024-07-15 14:41:56'),
(12, 'Daph', 'Knee', 'Ducky', 25, 'Test4', 'Test5', 'Test6', 'Test7', '09177060872', 'daphdaph@gmail.com', '2024-06-11', 'M', 'The', 'Emergency', 'Person', '09177060872', '2024-06-24 04:03:58', '2024-07-16 14:33:08'),
(15, 'Paul', 'Seares', 'Pazon', 25, 'Test4', 'Test5', 'Test6', 'Test7', '09177060872', 'paul@gmail.com', '2026-10-24', 'M', 'Test8', 'Test9', 'Test0', '09177060872', '2024-06-24 04:03:58', '2024-06-25 12:58:03'),
(17, 'Omega', 'Sardines', 'Three', 25, 'dassda', 'dsa', 'asd', 'ads', '09177060872', 'daphdaph@gmail.com', '2024-06-06', 'F', 'My', 'Contact', 'Emergency', '09177060872', '2024-06-25 12:04:22', '2024-07-15 15:38:32'),
(24, 'Juliana', 'Murilio', 'Genesis', 25, 'hgf', 'gfh', 'gfh', 'fhg', '09177060872', 'daphdaph@gmail.com', '2024-06-12', 'F', 'gfh', 'fhg', 'fhg', '09177060872', '2024-06-25 12:16:27', '2024-07-16 00:52:33'),
(28, 'Paul France', 'Detablan', 'Mendoza', 568, 'Quezon', 'Maguikay', 'Mandaue', 'Cebu', '09177060872', 'elijahkahlilandres@gmail.com', '2024-07-04', 'M', 'The', 'Abangan', 'Emergency', '09177060872', '2024-07-11 13:00:51', '2024-07-16 00:54:50'),
(29, 'Testificate', 'Subsidy', 'Mediary', 568, 'Quezon', 'Maguikay', 'Mandaue', 'Cebu', '09177060872', 'daphdaph@gmail.com', '2024-07-04', 'M', 'The', 'Abangan', 'Paloma', '09177060872', '2024-07-11 13:06:21', '2024-07-11 13:06:21'),
(30, 'Elijah Kahlil Andres', 'Abangan', 'Paloma', 568, 'Quezon', 'Maguikay', 'Mandaue', 'Cebu', '09177060872', 'paul@gmail.com', '2024-07-19', 'M', 'The', 'Abangan', 'Emergency', '09177060872', '2024-07-11 13:06:59', '2024-07-16 00:53:26'),
(31, 'John', 'Deguzman', 'Lopez', 568, 'hjgf', 'jghk', 'ghj', 'jhg', '09177060872', 'daphdaph@gmail.com', '2024-07-06', 'M', 'jgh', 'hjg', 'jgh', '09177060872', '2024-07-11 13:23:10', '2024-07-16 00:56:14'),
(33, 'Reg', 'Fer', 'Asd', 568, 'Quezon', 'Maguikay', 'Mandaue', 'Cebu', '09177060872', 'elijahkahlilandres@gmail.com', '2024-07-05', 'M', 'Elijah Kahlil Andres', 'Person', 'Emergency', '09177060872', '2024-07-11 14:26:08', '2024-07-11 14:26:08'),
(34, 'Juicy', 'Verbons', 'Maine', 568, 'Quezon', 'Maguikay', 'Mandaue', 'Cebu', '09177060872', 'elijahkahlilandres@gmail.com', '2024-07-04', 'M', 'The', 'Person', 'Emergency', '09177060872', '2024-07-11 14:58:51', '2024-07-11 14:58:51');

--
-- Indexes for dumped tables
--

--
-- Indexes for table `appliances`
--
ALTER TABLE `appliances`
  ADD PRIMARY KEY (`TenantAppID`),
  ADD KEY `AppOcc` (`OccupancyID`);

--
-- Indexes for table `apprate`
--
ALTER TABLE `apprate`
  ADD PRIMARY KEY (`id`);

--
-- Indexes for table `billing`
--
ALTER TABLE `billing`
  ADD PRIMARY KEY (`BillRefNo`);

--
-- Indexes for table `occtype`
--
ALTER TABLE `occtype`
  ADD PRIMARY KEY (`Occtype`);

--
-- Indexes for table `occupancy`
--
ALTER TABLE `occupancy`
  ADD PRIMARY KEY (`OccupancyID`),
  ADD KEY `OccRoom` (`RoomID`),
  ADD KEY `OccType` (`Occtype`),
  ADD KEY `OccTen` (`TenantID`);

--
-- Indexes for table `rooms`
--
ALTER TABLE `rooms`
  ADD PRIMARY KEY (`RoomID`);

--
-- Indexes for table `staff`
--
ALTER TABLE `staff`
  ADD PRIMARY KEY (`StaffID`);

--
-- Indexes for table `tenant`
--
ALTER TABLE `tenant`
  ADD PRIMARY KEY (`TenantID`);

--
-- AUTO_INCREMENT for dumped tables
--

--
-- AUTO_INCREMENT for table `appliances`
--
ALTER TABLE `appliances`
  MODIFY `TenantAppID` int(11) NOT NULL AUTO_INCREMENT, AUTO_INCREMENT=37;

--
-- AUTO_INCREMENT for table `apprate`
--
ALTER TABLE `apprate`
  MODIFY `id` int(11) NOT NULL AUTO_INCREMENT, AUTO_INCREMENT=2;

--
-- AUTO_INCREMENT for table `billing`
--
ALTER TABLE `billing`
  MODIFY `BillRefNo` int(11) NOT NULL AUTO_INCREMENT, AUTO_INCREMENT=36;

--
-- AUTO_INCREMENT for table `occupancy`
--
ALTER TABLE `occupancy`
  MODIFY `OccupancyID` int(11) NOT NULL AUTO_INCREMENT, AUTO_INCREMENT=269;

--
-- AUTO_INCREMENT for table `staff`
--
ALTER TABLE `staff`
  MODIFY `StaffID` int(11) NOT NULL AUTO_INCREMENT;

--
-- AUTO_INCREMENT for table `tenant`
--
ALTER TABLE `tenant`
  MODIFY `TenantID` int(11) NOT NULL AUTO_INCREMENT, AUTO_INCREMENT=35;

--
-- Constraints for dumped tables
--

--
-- Constraints for table `appliances`
--
ALTER TABLE `appliances`
  ADD CONSTRAINT `AppOcc` FOREIGN KEY (`OccupancyID`) REFERENCES `occupancy` (`OccupancyID`);

--
-- Constraints for table `occupancy`
--
ALTER TABLE `occupancy`
  ADD CONSTRAINT `OccRoom` FOREIGN KEY (`RoomID`) REFERENCES `rooms` (`RoomID`),
  ADD CONSTRAINT `OccTen` FOREIGN KEY (`TenantID`) REFERENCES `tenant` (`TenantID`) ON DELETE CASCADE ON UPDATE CASCADE,
  ADD CONSTRAINT `OccType` FOREIGN KEY (`Occtype`) REFERENCES `occtype` (`Occtype`);
COMMIT;

/*!40101 SET CHARACTER_SET_CLIENT=@OLD_CHARACTER_SET_CLIENT */;
/*!40101 SET CHARACTER_SET_RESULTS=@OLD_CHARACTER_SET_RESULTS */;
/*!40101 SET COLLATION_CONNECTION=@OLD_COLLATION_CONNECTION */;
